Year,Value
2012,6.167963
2013,5.81322
2014,6.819081
2015,6.393699
2016,4.18474
2017,5.79224
2018,7.872541
2019,5.499779
2020,2.584455
2021,4.616794
