Year,Value
2015,6.44131097225825
2016,6.19144937136368
2017,6.16315136541868
2018,6.17385758173607
2019,6.07555547499903
