{"Year":[2015,2016,2017,2018,2019],"Value":[6.4413109723,6.1914493714,6.1631513654,6.1738575817,6.075555475]}