{"Year":[2015,2016,2017,2018,2019,2020,2021,2015,2016,2017,2018,2019,2020,2021,2015,2016,2017,2018,2019,2020,2015,2016,2017,2018,2019,2020,2015,2016,2017,2018],"Series":["Volume de fret a\u00e9rien","Volume de fret a\u00e9rien","Volume de fret a\u00e9rien","Volume de fret a\u00e9rien","Volume de fret a\u00e9rien","Volume de fret a\u00e9rien","Volume de fret a\u00e9rien","Passagers a\u00e9riens","Passagers a\u00e9riens","Passagers a\u00e9riens","Passagers a\u00e9riens","Passagers a\u00e9riens","Passagers a\u00e9riens","Passagers a\u00e9riens","Volume de fret ferroviaire","Volume de fret ferroviaire","Volume de fret ferroviaire","Volume de fret ferroviaire","Volume de fret ferroviaire","Volume de fret ferroviaire","Voyageurs ferroviaires","Voyageurs ferroviaires","Voyageurs ferroviaires","Voyageurs ferroviaires","Voyageurs ferroviaires","Voyageurs ferroviaires","Volume de fret routier","Volume de fret routier","Volume de fret routier","Volume de fret routier"],"Units":["Tonnes m\u00e9triques","Tonnes m\u00e9triques","Tonnes m\u00e9triques","Tonnes m\u00e9triques","Tonnes m\u00e9triques","Tonnes m\u00e9triques","Tonnes m\u00e9triques","Number of passengers","Number of passengers","Number of passengers","Number of passengers","Number of passengers","Number of passengers","Number of passengers","Tonnes m\u00e9triques","Tonnes m\u00e9triques","Tonnes m\u00e9triques","Tonnes m\u00e9triques","Tonnes m\u00e9triques","Tonnes m\u00e9triques","Number of passengers","Number of passengers","Number of passengers","Number of passengers","Number of passengers","Number of passengers","Metric tonnes of cargo","Metric tonnes of cargo","Metric tonnes of cargo","Metric tonnes of cargo"],"Value":[1172780.8,1223213.3,1316626.7,1444698.8999999999,1377025.8,1186628.5,1279816.8999999999,133426703.0,140892544.0,150808451.0,160641587.0,162864077.0,46349535.0,46163940.0,304908351.0,292888995.0,311701985.0,328539280.0,330244510.0,321764297.0,3921000.0,4080000.0,4496000.0,4838000.0,5102000.0,1125000.0,729215433.5939999819,755515777.67900002,751948221.7130000591,753715221.4370000362]}