{"Year":[2010,2011,2012,2013,2014,2015,2016,2017,2018,2019],"Value":[5590.0217583124,5750.5079934673,5561.7264557137,5553.9856458897,5781.2879026466,5685.2309875849,5483.4627670597,5481.9691593614,5854.2265435185,6031.8682174321]}