{"data":{"Year":[2015,2016,2017,2018,2019,2020],"Value":[7.049994908,6.249625673,7.14991248,8.808996922,8.579594507,8.320575118]},"edges":[]}