{"data":{"Year":[2012,2013,2014,2015,2016,2017,2018,2019,2020,2021],"Value":[6.167963,5.81322,6.819081,6.393699,4.18474,5.79224,7.872541,5.499779,2.584455,4.616794]},"edges":[]}