{"data":{"Year":[2015,2016,2017,2018,2019,2020,2021,2022],"Value":[0.081866248,0.08438019,0.076893949,0.075092376,0.075228745,0.049880629,0.041544252,0.040182206]},"edges":[]}