Year,Value
2015,7.049994908
2016,6.249625673
2017,7.14991248
2018,8.808996922
2019,8.579594507
2020,8.320575118
