Year,Value
2006,30.15922
2007,30.76853
2008,32.15801
2009,32.18012
2010,31.77838
2011,33.7433
2012,35.23702
2013,37.08752
2014,39.34017
2015,40.48743
2016,40.19733
2017,40.9348
2018,41.87129
2019,42.66273
2020,40.38
