{"data":{"Year":[2000,2000,2001,2001,2002,2002,2003,2003,2004,2004,2005,2005,2006,2006,2006,2006,2007,2007,2007,2007,2008,2008,2008,2008,2009,2009,2009,2009,2010,2010,2010,2010,2011,2011,2011,2011,2012,2012,2012,2012,2013,2013,2013,2013,2014,2014,2014,2014,2015,2015,2015,2015,2016,2016,2016,2016,2017,2017,2017,2017,2018,2018,2018,2018,2019,2019,2019,2019,2020,2020,2020,2020],"Location":["Services (ISIC4 G to T)","Industries","Services (ISIC4 G to T)","Industries","Services (ISIC4 G to T)","Industries","Services (ISIC4 G to T)","Industries","Services (ISIC4 G to T)","Industries","Services (ISIC4 G to T)","Industries","Services (ISIC4 G to T)",null,"Agriculture (ISIC4 A01 A0210 A0322)","Industries","Industries",null,"Services (ISIC4 G to T)","Agriculture (ISIC4 A01 A0210 A0322)","Industries",null,"Services (ISIC4 G to T)","Agriculture (ISIC4 A01 A0210 A0322)","Industries",null,"Services (ISIC4 G to T)","Agriculture (ISIC4 A01 A0210 A0322)","Industries","Services (ISIC4 G to T)","Agriculture (ISIC4 A01 A0210 A0322)",null,"Services (ISIC4 G to T)","Industries","Agriculture (ISIC4 A01 A0210 A0322)",null,"Industries",null,"Agriculture (ISIC4 A01 A0210 A0322)","Services (ISIC4 G to T)","Services (ISIC4 G to T)","Industries","Agriculture (ISIC4 A01 A0210 A0322)",null,"Industries","Services (ISIC4 G to T)","Agriculture (ISIC4 A01 A0210 A0322)",null,"Services (ISIC4 G to T)","Industries",null,"Agriculture (ISIC4 A01 A0210 A0322)","Industries",null,"Agriculture (ISIC4 A01 A0210 A0322)","Services (ISIC4 G to T)","Industries",null,"Agriculture (ISIC4 A01 A0210 A0322)","Services (ISIC4 G to T)","Industries",null,"Services (ISIC4 G to T)","Agriculture (ISIC4 A01 A0210 A0322)","Agriculture (ISIC4 A01 A0210 A0322)","Services (ISIC4 G to T)",null,"Industries",null,"Services (ISIC4 G to T)","Agriculture (ISIC4 A01 A0210 A0322)","Industries"],"Value":[134.68717,9.92788,138.40489,9.65375,142.36395,9.53213,143.59313,9.73338,145.25503,10.20415,147.7949,10.7786,151.70909,30.15922,0.40161,10.87959,10.94082,30.76853,154.49528,0.37574,11.6843,32.15801,160.06569,0.39573,9.8465,32.18012,170.60966,0.31129,10.96779,179.24493,0.18085,31.77838,189.35407,11.926,0.23029,33.7433,12.14039,35.23702,0.21685,195.41939,201.82847,12.66501,0.27607,37.08752,13.60399,207.00341,0.24963,39.34017,215.38843,12.40343,40.48743,0.37074,11.88387,40.19733,0.32487,223.51562,13.23619,40.9348,0.26848,228.9073,13.10607,41.87129,237.01185,0.28429,0.28713,242.18202,42.66273,13.31156,40.38,228.8,0.24,12.68]},"edges":[]}