Year,Value
2015,0.081866248
2016,0.08438019
2017,0.076893949
2018,0.075092376
2019,0.075228745
2020,0.049880629
2021,0.041544252
2022,0.040182206
